user_id,visit_date,awareness_source,device_type,visited_site,viewed_course,viewed_pricing,enrolled,time_spent_min,returning_user
1,2024-01-01,Referral,Mobile,Yes,Yes,No,Yes,17,No
2,2024-01-02,Organic Search,Mobile,Yes,Yes,No,No,28,Yes
3,2024-01-03,Social Media,Mobile,Yes,Yes,Yes,No,41,No
4,2024-01-04,Referral,Desktop,Yes,Yes,No,Yes,2,No
5,2024-01-05,Referral,Mobile,Yes,Yes,Yes,No,25,No
6,2024-01-06,Organic Search,Mobile,Yes,Yes,Yes,No,41,No
7,2024-01-07,Social Media,Desktop,Yes,Yes,No,No,6,Yes
8,2024-01-08,Social Media,Desktop,Yes,Yes,Yes,No,11,No
9,2024-01-09,Referral,Desktop,Yes,Yes,No,No,38,No
10,2024-01-10,Paid Ads,Desktop,Yes,Yes,No,Yes,6,Yes
11,2024-01-11,Referral,Mobile,Yes,No,Yes,Yes,11,Yes
12,2024-01-12,Referral,Mobile,Yes,Yes,No,Yes,14,No
13,2024-01-13,Referral,Desktop,Yes,No,Yes,No,2,Yes
14,2024-01-14,Referral,Desktop,Yes,Yes,Yes,No,40,No
15,2024-01-15,Organic Search,Mobile,Yes,Yes,No,No,3,Yes
16,2024-01-16,Social Media,Mobile,Yes,Yes,No,No,35,No
17,2024-01-17,Organic Search,Mobile,Yes,Yes,Yes,Yes,33,No
18,2024-01-18,Organic Search,Desktop,Yes,No,Yes,No,24,No
19,2024-01-19,Organic Search,Desktop,Yes,Yes,No,Yes,19,No
20,2024-01-20,Referral,Mobile,Yes,No,No,Yes,18,No
21,2024-01-21,Paid Ads,Mobile,Yes,Yes,No,Yes,24,No
22,2024-01-22,Social Media,Mobile,Yes,No,Yes,No,35,No
23,2024-01-23,Paid Ads,Desktop,Yes,Yes,Yes,Yes,1,No
24,2024-01-24,Organic Search,Desktop,Yes,Yes,Yes,Yes,36,No
25,2024-01-25,Organic Search,Desktop,Yes,Yes,No,Yes,25,No
26,2024-01-26,Paid Ads,Mobile,Yes,Yes,Yes,Yes,43,No
27,2024-01-27,Paid Ads,Mobile,Yes,Yes,Yes,No,34,No
28,2024-01-28,Paid Ads,Mobile,Yes,Yes,No,No,25,Yes
29,2024-01-29,Organic Search,Mobile,Yes,No,Yes,No,16,No
30,2024-01-30,Organic Search,Desktop,Yes,Yes,No,No,34,No
31,2024-01-31,Social Media,Desktop,Yes,Yes,No,Yes,29,No
32,2024-02-01,Social Media,Desktop,Yes,Yes,No,No,19,No
33,2024-02-02,Organic Search,Desktop,Yes,Yes,Yes,Yes,23,No
34,2024-02-03,Paid Ads,Mobile,Yes,Yes,Yes,Yes,19,No
35,2024-02-04,Paid Ads,Desktop,Yes,Yes,No,Yes,25,Yes
36,2024-02-05,Social Media,Desktop,Yes,Yes,No,Yes,16,Yes
37,2024-02-06,Organic Search,Desktop,Yes,Yes,No,Yes,9,No
38,2024-02-07,Social Media,Mobile,Yes,Yes,Yes,No,1,No
39,2024-02-08,Social Media,Mobile,Yes,Yes,No,No,42,Yes
40,2024-02-09,Referral,Mobile,Yes,Yes,No,Yes,19,Yes
41,2024-02-10,Referral,Desktop,Yes,Yes,No,Yes,33,Yes
42,2024-02-11,Referral,Mobile,Yes,Yes,No,No,34,No
43,2024-02-12,Paid Ads,Mobile,Yes,Yes,No,Yes,16,No
44,2024-02-13,Organic Search,Mobile,Yes,Yes,No,Yes,44,No
45,2024-02-14,Organic Search,Mobile,Yes,No,Yes,No,40,No
46,2024-02-15,Organic Search,Mobile,Yes,Yes,Yes,Yes,18,No
47,2024-02-16,Organic Search,Mobile,Yes,No,Yes,Yes,34,No
48,2024-02-17,Referral,Mobile,Yes,Yes,Yes,No,25,No
49,2024-02-18,Paid Ads,Mobile,Yes,Yes,Yes,Yes,6,Yes
50,2024-02-19,Paid Ads,Desktop,Yes,Yes,Yes,No,21,No
51,2024-02-20,Referral,Mobile,Yes,No,Yes,No,6,No
52,2024-02-21,Paid Ads,Desktop,Yes,Yes,Yes,Yes,32,No
53,2024-02-22,Referral,Mobile,Yes,No,No,No,41,Yes
54,2024-02-23,Organic Search,Mobile,Yes,No,No,No,43,Yes
55,2024-02-24,Referral,Desktop,Yes,Yes,Yes,Yes,39,Yes
56,2024-02-25,Organic Search,Mobile,Yes,Yes,No,No,31,No
57,2024-02-26,Organic Search,Mobile,Yes,Yes,Yes,Yes,42,No
58,2024-02-27,Social Media,Mobile,Yes,Yes,Yes,No,10,Yes
59,2024-02-28,Referral,Desktop,Yes,No,Yes,Yes,30,No
60,2024-02-29,Social Media,Mobile,Yes,No,Yes,No,18,No
61,2024-03-01,Referral,Desktop,Yes,Yes,No,Yes,24,Yes
62,2024-03-02,Referral,Mobile,Yes,Yes,No,No,9,No
63,2024-03-03,Social Media,Mobile,Yes,Yes,Yes,Yes,31,Yes
64,2024-03-04,Social Media,Mobile,Yes,Yes,Yes,No,15,No
65,2024-03-05,Referral,Mobile,Yes,No,Yes,No,4,No
66,2024-03-06,Paid Ads,Mobile,Yes,Yes,Yes,No,40,No
67,2024-03-07,Organic Search,Mobile,Yes,Yes,Yes,No,9,Yes
68,2024-03-08,Social Media,Mobile,Yes,Yes,Yes,No,9,No
69,2024-03-09,Organic Search,Desktop,Yes,Yes,No,No,26,No
70,2024-03-10,Paid Ads,Mobile,Yes,Yes,No,No,4,No
71,2024-03-11,Paid Ads,Mobile,Yes,Yes,Yes,Yes,17,Yes
72,2024-03-12,Paid Ads,Desktop,Yes,Yes,No,No,16,Yes
73,2024-03-13,Social Media,Mobile,Yes,Yes,Yes,No,15,Yes
74,2024-03-14,Paid Ads,Mobile,Yes,No,Yes,No,35,Yes
75,2024-03-15,Social Media,Desktop,Yes,Yes,Yes,No,5,No
76,2024-03-16,Paid Ads,Desktop,Yes,Yes,No,No,5,No
77,2024-03-17,Organic Search,Mobile,Yes,Yes,No,Yes,20,No
78,2024-03-18,Organic Search,Desktop,Yes,Yes,No,No,15,Yes
79,2024-03-19,Referral,Mobile,Yes,Yes,Yes,No,18,No
80,2024-03-20,Organic Search,Mobile,Yes,Yes,No,No,2,Yes
81,2024-03-21,Referral,Mobile,Yes,Yes,Yes,No,29,No
82,2024-03-22,Organic Search,Desktop,Yes,Yes,No,No,13,No
83,2024-03-23,Social Media,Mobile,Yes,Yes,Yes,No,4,No
84,2024-03-24,Organic Search,Mobile,Yes,Yes,Yes,No,42,No
85,2024-03-25,Referral,Mobile,Yes,No,Yes,No,10,Yes
86,2024-03-26,Referral,Mobile,Yes,Yes,No,Yes,31,No
87,2024-03-27,Paid Ads,Mobile,Yes,Yes,Yes,No,41,No
88,2024-03-28,Social Media,Mobile,Yes,Yes,No,No,8,No
89,2024-03-29,Organic Search,Mobile,Yes,Yes,Yes,Yes,3,No
90,2024-03-30,Paid Ads,Mobile,Yes,Yes,No,Yes,9,No
91,2024-03-31,Organic Search,Mobile,Yes,Yes,No,No,30,Yes
92,2024-04-01,Organic Search,Mobile,Yes,No,No,Yes,11,No
93,2024-04-02,Paid Ads,Mobile,Yes,Yes,Yes,No,35,Yes
94,2024-04-03,Paid Ads,Mobile,Yes,Yes,Yes,No,37,No
95,2024-04-04,Paid Ads,Desktop,Yes,Yes,Yes,No,42,No
96,2024-04-05,Paid Ads,Mobile,Yes,Yes,No,No,13,Yes
97,2024-04-06,Paid Ads,Mobile,Yes,Yes,Yes,Yes,36,No
98,2024-04-07,Organic Search,Mobile,Yes,Yes,Yes,No,13,No
99,2024-04-08,Paid Ads,Mobile,Yes,Yes,Yes,No,12,No
100,2024-04-09,Social Media,Mobile,Yes,No,Yes,No,37,No
101,2024-04-10,Referral,Mobile,Yes,Yes,No,Yes,10,No
102,2024-04-11,Paid Ads,Mobile,Yes,Yes,Yes,No,9,No
103,2024-04-12,Paid Ads,Mobile,Yes,Yes,No,Yes,7,No
104,2024-04-13,Organic Search,Mobile,Yes,Yes,Yes,Yes,2,No
105,2024-04-14,Paid Ads,Mobile,Yes,Yes,Yes,Yes,23,No
106,2024-04-15,Paid Ads,Mobile,Yes,Yes,Yes,Yes,39,No
107,2024-04-16,Paid Ads,Mobile,Yes,Yes,Yes,No,40,No
108,2024-04-17,Organic Search,Mobile,Yes,No,Yes,Yes,39,Yes
109,2024-04-18,Paid Ads,Mobile,Yes,Yes,No,No,21,Yes
110,2024-04-19,Referral,Mobile,Yes,Yes,Yes,No,23,Yes
111,2024-04-20,Organic Search,Mobile,Yes,No,No,No,29,No
112,2024-04-21,Referral,Desktop,Yes,Yes,Yes,Yes,14,No
113,2024-04-22,Organic Search,Mobile,Yes,Yes,Yes,No,26,No
114,2024-04-23,Paid Ads,Mobile,Yes,Yes,No,No,5,No
115,2024-04-24,Referral,Desktop,Yes,Yes,Yes,No,31,Yes
116,2024-04-25,Organic Search,Desktop,Yes,Yes,Yes,Yes,25,No
117,2024-04-26,Social Media,Mobile,Yes,No,Yes,No,31,No
118,2024-04-27,Paid Ads,Mobile,Yes,Yes,Yes,No,20,No
119,2024-04-28,Organic Search,Desktop,Yes,Yes,No,No,44,No
120,2024-04-29,Social Media,Desktop,Yes,Yes,Yes,Yes,17,No
121,2024-04-30,Organic Search,Mobile,Yes,Yes,No,No,2,No
122,2024-05-01,Social Media,Mobile,Yes,Yes,No,Yes,25,No
123,2024-05-02,Paid Ads,Mobile,Yes,Yes,Yes,Yes,13,No
124,2024-05-03,Referral,Mobile,Yes,No,No,No,39,No
125,2024-05-04,Social Media,Mobile,Yes,Yes,Yes,Yes,28,Yes
126,2024-05-05,Organic Search,Mobile,Yes,Yes,No,Yes,42,No
127,2024-05-06,Paid Ads,Mobile,Yes,Yes,Yes,Yes,6,No
128,2024-05-07,Social Media,Desktop,Yes,Yes,No,No,3,No
129,2024-05-08,Organic Search,Mobile,Yes,Yes,Yes,No,35,Yes
130,2024-05-09,Organic Search,Mobile,Yes,Yes,Yes,No,18,No
131,2024-05-10,Organic Search,Desktop,Yes,Yes,No,No,11,No
132,2024-05-11,Social Media,Desktop,Yes,Yes,No,Yes,20,Yes
133,2024-05-12,Social Media,Mobile,Yes,Yes,Yes,No,5,No
134,2024-05-13,Social Media,Mobile,Yes,Yes,Yes,No,19,Yes
135,2024-05-14,Referral,Mobile,Yes,No,No,Yes,22,Yes
136,2024-05-15,Social Media,Mobile,Yes,Yes,No,No,19,Yes
137,2024-05-16,Social Media,Mobile,Yes,Yes,No,No,16,Yes
138,2024-05-17,Social Media,Mobile,Yes,Yes,No,Yes,24,No
139,2024-05-18,Referral,Mobile,Yes,No,No,Yes,41,Yes
140,2024-05-19,Social Media,Mobile,Yes,No,No,Yes,4,Yes
141,2024-05-20,Organic Search,Mobile,Yes,Yes,Yes,Yes,15,Yes
142,2024-05-21,Social Media,Mobile,Yes,No,Yes,No,25,Yes
143,2024-05-22,Organic Search,Mobile,Yes,Yes,No,No,44,Yes
144,2024-05-23,Organic Search,Mobile,Yes,Yes,No,No,35,No
145,2024-05-24,Organic Search,Mobile,Yes,Yes,Yes,No,14,Yes
146,2024-05-25,Referral,Desktop,Yes,Yes,Yes,Yes,19,No
147,2024-05-26,Referral,Mobile,Yes,Yes,No,No,38,No
148,2024-05-27,Referral,Mobile,Yes,No,Yes,No,36,Yes
149,2024-05-28,Social Media,Desktop,Yes,Yes,Yes,No,7,No
150,2024-05-29,Organic Search,Mobile,Yes,Yes,Yes,No,30,Yes
151,2024-05-30,Referral,Mobile,Yes,Yes,Yes,No,19,Yes
152,2024-05-31,Referral,Mobile,Yes,Yes,Yes,No,25,Yes
153,2024-06-01,Social Media,Mobile,Yes,Yes,Yes,No,16,No
154,2024-06-02,Referral,Desktop,Yes,Yes,Yes,Yes,40,No
155,2024-06-03,Social Media,Mobile,Yes,Yes,No,Yes,8,No
156,2024-06-04,Paid Ads,Mobile,Yes,No,Yes,Yes,18,No
157,2024-06-05,Referral,Mobile,Yes,Yes,No,Yes,28,No
158,2024-06-06,Paid Ads,Mobile,Yes,Yes,No,No,16,Yes
159,2024-06-07,Social Media,Mobile,Yes,Yes,Yes,No,19,No
160,2024-06-08,Organic Search,Mobile,Yes,Yes,No,No,42,Yes
161,2024-06-09,Referral,Mobile,Yes,Yes,Yes,No,17,Yes
162,2024-06-10,Social Media,Desktop,Yes,Yes,No,No,13,Yes
163,2024-06-11,Organic Search,Mobile,Yes,No,Yes,Yes,7,Yes
164,2024-06-12,Organic Search,Mobile,Yes,Yes,No,Yes,27,No
165,2024-06-13,Paid Ads,Mobile,Yes,No,No,No,10,No
166,2024-06-14,Social Media,Mobile,Yes,No,Yes,No,34,Yes
167,2024-06-15,Organic Search,Mobile,Yes,Yes,Yes,No,36,No
168,2024-06-16,Referral,Mobile,Yes,No,No,Yes,25,No
169,2024-06-17,Referral,Mobile,Yes,Yes,No,Yes,6,No
170,2024-06-18,Paid Ads,Mobile,Yes,No,Yes,No,24,Yes
171,2024-06-19,Organic Search,Mobile,Yes,Yes,No,Yes,18,No
172,2024-06-20,Social Media,Desktop,Yes,No,Yes,Yes,23,No
173,2024-06-21,Referral,Mobile,Yes,No,No,No,6,No
174,2024-06-22,Organic Search,Mobile,Yes,No,Yes,Yes,29,No
175,2024-06-23,Organic Search,Mobile,Yes,Yes,No,No,25,Yes
176,2024-06-24,Paid Ads,Desktop,Yes,Yes,Yes,Yes,17,Yes
177,2024-06-25,Referral,Mobile,Yes,Yes,Yes,Yes,24,No
178,2024-06-26,Referral,Mobile,Yes,Yes,Yes,No,11,No
179,2024-06-27,Social Media,Desktop,Yes,Yes,Yes,No,26,Yes
180,2024-06-28,Referral,Desktop,Yes,Yes,Yes,No,34,No
181,2024-06-29,Social Media,Desktop,Yes,Yes,Yes,No,28,No
182,2024-06-30,Referral,Mobile,Yes,No,No,Yes,3,No
183,2024-07-01,Paid Ads,Mobile,Yes,Yes,Yes,No,11,No
184,2024-07-02,Referral,Mobile,Yes,No,Yes,Yes,38,No
185,2024-07-03,Social Media,Desktop,Yes,Yes,Yes,No,14,No
186,2024-07-04,Social Media,Mobile,Yes,No,Yes,No,26,No
187,2024-07-05,Paid Ads,Mobile,Yes,No,Yes,No,21,Yes
188,2024-07-06,Referral,Mobile,Yes,Yes,Yes,No,39,Yes
189,2024-07-07,Referral,Desktop,Yes,Yes,Yes,Yes,30,Yes
190,2024-07-08,Paid Ads,Mobile,Yes,Yes,Yes,Yes,8,Yes
191,2024-07-09,Referral,Mobile,Yes,Yes,Yes,No,20,Yes
192,2024-07-10,Referral,Mobile,Yes,Yes,Yes,No,32,Yes
193,2024-07-11,Social Media,Mobile,Yes,Yes,Yes,No,22,No
194,2024-07-12,Referral,Mobile,Yes,Yes,Yes,Yes,7,Yes
195,2024-07-13,Referral,Mobile,Yes,Yes,No,Yes,9,No
196,2024-07-14,Paid Ads,Mobile,Yes,Yes,Yes,Yes,1,Yes
197,2024-07-15,Paid Ads,Mobile,Yes,Yes,No,No,29,No
198,2024-07-16,Organic Search,Mobile,Yes,Yes,Yes,No,8,No
199,2024-07-17,Social Media,Mobile,Yes,No,No,No,4,Yes
200,2024-07-18,Referral,Mobile,Yes,Yes,No,Yes,35,No
201,2024-07-19,Referral,Mobile,Yes,No,Yes,No,3,No
202,2024-07-20,Organic Search,Mobile,Yes,Yes,No,No,40,No
203,2024-07-21,Referral,Mobile,Yes,Yes,Yes,Yes,7,No
204,2024-07-22,Social Media,Mobile,Yes,Yes,Yes,No,27,No
205,2024-07-23,Organic Search,Mobile,Yes,Yes,No,No,1,No
206,2024-07-24,Social Media,Desktop,Yes,Yes,No,No,27,No
207,2024-07-25,Organic Search,Mobile,Yes,Yes,Yes,No,16,Yes
208,2024-07-26,Organic Search,Desktop,Yes,Yes,Yes,Yes,38,No
209,2024-07-27,Paid Ads,Mobile,Yes,Yes,Yes,Yes,7,No
210,2024-07-28,Social Media,Mobile,Yes,Yes,Yes,No,44,No
211,2024-07-29,Referral,Desktop,Yes,Yes,No,Yes,23,Yes
212,2024-07-30,Referral,Mobile,Yes,Yes,Yes,No,41,No
213,2024-07-31,Social Media,Mobile,Yes,Yes,Yes,No,11,No
214,2024-08-01,Referral,Mobile,Yes,Yes,Yes,No,42,Yes
215,2024-08-02,Referral,Mobile,Yes,Yes,Yes,No,33,No
216,2024-08-03,Social Media,Desktop,Yes,No,Yes,Yes,36,No
217,2024-08-04,Organic Search,Desktop,Yes,Yes,No,Yes,37,No
218,2024-08-05,Social Media,Desktop,Yes,Yes,No,Yes,41,No
219,2024-08-06,Organic Search,Mobile,Yes,No,No,No,17,No
220,2024-08-07,Referral,Desktop,Yes,Yes,Yes,Yes,35,No
221,2024-08-08,Referral,Desktop,Yes,Yes,No,Yes,5,No
222,2024-08-09,Referral,Mobile,Yes,Yes,No,No,32,Yes
223,2024-08-10,Paid Ads,Mobile,Yes,Yes,No,No,3,Yes
224,2024-08-11,Organic Search,Desktop,Yes,Yes,Yes,Yes,35,No
225,2024-08-12,Paid Ads,Mobile,Yes,Yes,Yes,No,14,Yes
226,2024-08-13,Paid Ads,Desktop,Yes,Yes,Yes,No,31,Yes
227,2024-08-14,Social Media,Mobile,Yes,Yes,Yes,Yes,31,No
228,2024-08-15,Paid Ads,Desktop,Yes,No,Yes,Yes,17,Yes
229,2024-08-16,Social Media,Mobile,Yes,No,Yes,Yes,24,No
230,2024-08-17,Social Media,Mobile,Yes,Yes,Yes,No,23,Yes
231,2024-08-18,Paid Ads,Mobile,Yes,Yes,No,Yes,18,No
232,2024-08-19,Organic Search,Desktop,Yes,Yes,Yes,No,14,No
233,2024-08-20,Organic Search,Mobile,Yes,Yes,Yes,No,15,Yes
234,2024-08-21,Organic Search,Mobile,Yes,Yes,No,No,15,No
235,2024-08-22,Organic Search,Mobile,Yes,Yes,No,Yes,6,Yes
236,2024-08-23,Organic Search,Desktop,Yes,No,No,No,27,No
237,2024-08-24,Paid Ads,Mobile,Yes,Yes,No,No,15,No
238,2024-08-25,Paid Ads,Desktop,Yes,Yes,Yes,No,36,No
239,2024-08-26,Referral,Mobile,Yes,Yes,No,No,8,No
240,2024-08-27,Organic Search,Mobile,Yes,Yes,Yes,No,15,No
241,2024-08-28,Paid Ads,Mobile,Yes,No,Yes,No,3,No
242,2024-08-29,Referral,Mobile,Yes,Yes,Yes,No,13,No
243,2024-08-30,Organic Search,Desktop,Yes,Yes,Yes,No,41,Yes
244,2024-08-31,Social Media,Mobile,Yes,Yes,Yes,Yes,34,No
245,2024-09-01,Referral,Mobile,Yes,Yes,No,Yes,24,Yes
246,2024-09-02,Paid Ads,Desktop,Yes,Yes,No,Yes,40,No
247,2024-09-03,Social Media,Mobile,Yes,Yes,Yes,No,32,Yes
248,2024-09-04,Social Media,Mobile,Yes,Yes,Yes,No,32,No
249,2024-09-05,Social Media,Desktop,Yes,Yes,No,No,30,Yes
250,2024-09-06,Referral,Mobile,Yes,Yes,No,No,13,Yes
251,2024-09-07,Paid Ads,Mobile,Yes,Yes,Yes,No,1,No
252,2024-09-08,Social Media,Desktop,Yes,Yes,No,No,34,No
253,2024-09-09,Organic Search,Mobile,Yes,Yes,Yes,Yes,15,No
254,2024-09-10,Social Media,Mobile,Yes,Yes,Yes,No,44,Yes
255,2024-09-11,Social Media,Mobile,Yes,No,No,Yes,14,Yes
256,2024-09-12,Referral,Desktop,Yes,No,Yes,Yes,29,No
257,2024-09-13,Referral,Mobile,Yes,No,Yes,Yes,34,No
258,2024-09-14,Paid Ads,Mobile,Yes,Yes,No,Yes,18,Yes
259,2024-09-15,Organic Search,Desktop,Yes,Yes,No,No,7,No
260,2024-09-16,Referral,Desktop,Yes,Yes,Yes,No,29,No
261,2024-09-17,Social Media,Mobile,Yes,Yes,Yes,Yes,31,No
262,2024-09-18,Paid Ads,Mobile,Yes,No,Yes,No,25,No
263,2024-09-19,Social Media,Mobile,Yes,Yes,No,No,38,No
264,2024-09-20,Social Media,Desktop,Yes,Yes,Yes,Yes,14,Yes
265,2024-09-21,Referral,Mobile,Yes,Yes,Yes,No,8,Yes
266,2024-09-22,Paid Ads,Mobile,Yes,Yes,No,Yes,27,No
267,2024-09-23,Organic Search,Desktop,Yes,Yes,Yes,No,2,No
268,2024-09-24,Organic Search,Desktop,Yes,Yes,Yes,No,17,No
269,2024-09-25,Referral,Mobile,Yes,Yes,Yes,Yes,37,No
270,2024-09-26,Referral,Desktop,Yes,Yes,No,Yes,14,No
271,2024-09-27,Paid Ads,Mobile,Yes,Yes,Yes,No,25,No
272,2024-09-28,Organic Search,Desktop,Yes,Yes,Yes,No,30,Yes
273,2024-09-29,Organic Search,Mobile,Yes,No,No,Yes,29,Yes
274,2024-09-30,Organic Search,Mobile,Yes,No,Yes,No,20,No
275,2024-10-01,Social Media,Desktop,Yes,Yes,Yes,No,21,No
276,2024-10-02,Organic Search,Mobile,Yes,Yes,Yes,No,22,Yes
277,2024-10-03,Social Media,Mobile,Yes,Yes,Yes,No,35,No
278,2024-10-04,Paid Ads,Desktop,Yes,Yes,Yes,No,37,No
279,2024-10-05,Social Media,Desktop,Yes,Yes,Yes,No,16,No
280,2024-10-06,Paid Ads,Mobile,Yes,No,Yes,No,43,Yes
281,2024-10-07,Organic Search,Mobile,Yes,Yes,Yes,No,17,No
282,2024-10-08,Organic Search,Mobile,Yes,No,No,Yes,16,Yes
283,2024-10-09,Paid Ads,Mobile,Yes,Yes,No,Yes,2,No
284,2024-10-10,Referral,Mobile,Yes,Yes,No,No,4,Yes
285,2024-10-11,Paid Ads,Mobile,Yes,Yes,No,No,21,No
286,2024-10-12,Referral,Desktop,Yes,No,Yes,Yes,39,Yes
287,2024-10-13,Social Media,Mobile,Yes,Yes,No,No,34,No
288,2024-10-14,Social Media,Mobile,Yes,Yes,Yes,No,30,No
289,2024-10-15,Social Media,Mobile,Yes,Yes,No,Yes,6,Yes
290,2024-10-16,Organic Search,Desktop,Yes,Yes,No,No,17,No
291,2024-10-17,Social Media,Mobile,Yes,Yes,No,Yes,39,Yes
292,2024-10-18,Referral,Mobile,Yes,Yes,No,Yes,25,No
293,2024-10-19,Social Media,Mobile,Yes,Yes,Yes,No,5,No
294,2024-10-20,Paid Ads,Mobile,Yes,Yes,Yes,No,5,No
295,2024-10-21,Paid Ads,Mobile,Yes,Yes,Yes,Yes,20,No
296,2024-10-22,Organic Search,Desktop,Yes,Yes,Yes,No,16,No
297,2024-10-23,Paid Ads,Desktop,Yes,Yes,Yes,No,41,No
298,2024-10-24,Referral,Mobile,Yes,Yes,No,Yes,37,Yes
299,2024-10-25,Social Media,Mobile,Yes,Yes,No,Yes,40,No
300,2024-10-26,Organic Search,Desktop,Yes,Yes,Yes,No,9,No
301,2024-10-27,Social Media,Desktop,Yes,No,No,Yes,5,Yes
302,2024-10-28,Social Media,Mobile,Yes,Yes,No,No,42,No
303,2024-10-29,Referral,Mobile,Yes,Yes,No,No,2,Yes
304,2024-10-30,Paid Ads,Mobile,Yes,Yes,No,No,9,No
305,2024-10-31,Paid Ads,Mobile,Yes,Yes,Yes,Yes,43,Yes
306,2024-11-01,Social Media,Desktop,Yes,Yes,No,No,36,No
307,2024-11-02,Organic Search,Desktop,Yes,Yes,No,No,22,No
308,2024-11-03,Paid Ads,Desktop,Yes,Yes,Yes,Yes,22,Yes
309,2024-11-04,Organic Search,Mobile,Yes,Yes,Yes,Yes,22,Yes
310,2024-11-05,Paid Ads,Mobile,Yes,Yes,No,Yes,34,No
311,2024-11-06,Organic Search,Desktop,Yes,Yes,Yes,No,29,No
312,2024-11-07,Referral,Desktop,Yes,Yes,No,No,38,Yes
313,2024-11-08,Organic Search,Mobile,Yes,Yes,No,Yes,33,Yes
314,2024-11-09,Referral,Desktop,Yes,Yes,Yes,No,18,No
315,2024-11-10,Referral,Desktop,Yes,Yes,Yes,Yes,7,No
316,2024-11-11,Organic Search,Mobile,Yes,No,No,No,1,No
317,2024-11-12,Referral,Mobile,Yes,Yes,Yes,No,33,No
318,2024-11-13,Social Media,Mobile,Yes,Yes,Yes,No,1,Yes
319,2024-11-14,Referral,Mobile,Yes,Yes,Yes,No,24,No
320,2024-11-15,Paid Ads,Mobile,Yes,Yes,Yes,No,4,No
321,2024-11-16,Organic Search,Desktop,Yes,Yes,No,No,4,Yes
322,2024-11-17,Social Media,Mobile,Yes,Yes,Yes,No,18,No
323,2024-11-18,Organic Search,Mobile,Yes,Yes,No,No,27,No
324,2024-11-19,Paid Ads,Mobile,Yes,Yes,Yes,Yes,43,No
325,2024-11-20,Paid Ads,Mobile,Yes,Yes,Yes,Yes,32,No
326,2024-11-21,Paid Ads,Desktop,Yes,Yes,No,Yes,33,Yes
327,2024-11-22,Referral,Mobile,Yes,Yes,No,No,28,No
328,2024-11-23,Referral,Mobile,Yes,No,Yes,No,42,No
329,2024-11-24,Organic Search,Desktop,Yes,Yes,Yes,No,41,Yes
330,2024-11-25,Organic Search,Mobile,Yes,Yes,Yes,Yes,36,No
331,2024-11-26,Social Media,Mobile,Yes,No,Yes,No,6,No
332,2024-11-27,Social Media,Mobile,Yes,Yes,No,No,16,No
333,2024-11-28,Organic Search,Mobile,Yes,Yes,Yes,No,34,No
334,2024-11-29,Referral,Mobile,Yes,Yes,Yes,No,23,No
335,2024-11-30,Paid Ads,Mobile,Yes,No,Yes,No,42,No
336,2024-12-01,Organic Search,Mobile,Yes,Yes,No,Yes,24,No
337,2024-12-02,Social Media,Desktop,Yes,Yes,No,No,13,No
338,2024-12-03,Referral,Mobile,Yes,Yes,Yes,Yes,18,Yes
339,2024-12-04,Organic Search,Mobile,Yes,No,No,No,13,No
340,2024-12-05,Organic Search,Mobile,Yes,Yes,Yes,No,37,No
341,2024-12-06,Referral,Mobile,Yes,Yes,Yes,No,43,No
342,2024-12-07,Organic Search,Mobile,Yes,Yes,No,Yes,39,No
343,2024-12-08,Referral,Mobile,Yes,Yes,No,No,42,No
344,2024-12-09,Paid Ads,Desktop,Yes,Yes,No,No,17,No
345,2024-12-10,Referral,Mobile,Yes,No,Yes,Yes,15,Yes
346,2024-12-11,Referral,Mobile,Yes,Yes,Yes,No,18,Yes
347,2024-12-12,Referral,Mobile,Yes,Yes,No,No,23,No
348,2024-12-13,Organic Search,Desktop,Yes,Yes,Yes,No,30,No
349,2024-12-14,Organic Search,Mobile,Yes,No,Yes,No,34,Yes
350,2024-12-15,Referral,Mobile,Yes,Yes,Yes,Yes,4,Yes
351,2024-12-16,Organic Search,Mobile,Yes,Yes,No,No,3,No
352,2024-12-17,Social Media,Desktop,Yes,No,Yes,Yes,7,No
353,2024-12-18,Social Media,Mobile,Yes,No,Yes,No,18,No
354,2024-12-19,Organic Search,Desktop,Yes,No,No,No,42,No
355,2024-12-20,Organic Search,Mobile,Yes,No,Yes,No,7,Yes
356,2024-12-21,Referral,Mobile,Yes,Yes,Yes,Yes,40,No
357,2024-12-22,Paid Ads,Mobile,Yes,Yes,Yes,No,6,No
358,2024-12-23,Organic Search,Mobile,Yes,Yes,Yes,No,22,No
359,2024-12-24,Social Media,Mobile,Yes,No,Yes,No,1,Yes
360,2024-12-25,Referral,Mobile,Yes,Yes,Yes,No,4,Yes
361,2024-12-26,Organic Search,Desktop,Yes,Yes,No,No,43,Yes
362,2024-12-27,Social Media,Mobile,Yes,Yes,Yes,No,29,No
363,2024-12-28,Social Media,Mobile,Yes,Yes,No,No,21,No
364,2024-12-29,Paid Ads,Mobile,Yes,Yes,Yes,Yes,26,No
365,2024-12-30,Referral,Mobile,Yes,No,Yes,Yes,14,No
366,2024-12-31,Referral,Mobile,Yes,No,Yes,No,9,No
367,2025-01-01,Paid Ads,Mobile,Yes,Yes,Yes,No,12,No
368,2025-01-02,Paid Ads,Mobile,Yes,Yes,No,No,42,Yes
369,2025-01-03,Referral,Desktop,Yes,Yes,Yes,No,6,No
370,2025-01-04,Referral,Desktop,Yes,Yes,Yes,Yes,20,No
371,2025-01-05,Organic Search,Mobile,Yes,No,No,No,24,No
372,2025-01-06,Organic Search,Mobile,Yes,Yes,No,Yes,27,No
373,2025-01-07,Paid Ads,Mobile,Yes,Yes,No,Yes,38,No
374,2025-01-08,Organic Search,Mobile,Yes,No,Yes,No,8,No
375,2025-01-09,Social Media,Mobile,Yes,Yes,No,Yes,1,No
376,2025-01-10,Organic Search,Mobile,Yes,Yes,Yes,No,24,No
377,2025-01-11,Organic Search,Desktop,Yes,Yes,Yes,Yes,7,No
378,2025-01-12,Social Media,Mobile,Yes,Yes,Yes,No,19,No
379,2025-01-13,Paid Ads,Mobile,Yes,Yes,Yes,No,22,Yes
380,2025-01-14,Social Media,Mobile,Yes,Yes,Yes,Yes,35,No
381,2025-01-15,Organic Search,Mobile,Yes,Yes,Yes,No,30,No
382,2025-01-16,Paid Ads,Mobile,Yes,No,No,No,29,Yes
383,2025-01-17,Organic Search,Mobile,Yes,Yes,Yes,No,22,Yes
384,2025-01-18,Social Media,Mobile,Yes,Yes,Yes,Yes,11,Yes
385,2025-01-19,Social Media,Desktop,Yes,Yes,Yes,No,20,No
386,2025-01-20,Organic Search,Mobile,Yes,Yes,No,No,29,No
387,2025-01-21,Referral,Mobile,Yes,Yes,Yes,No,41,No
388,2025-01-22,Referral,Mobile,Yes,Yes,Yes,No,42,No
389,2025-01-23,Social Media,Mobile,Yes,Yes,No,No,34,No
390,2025-01-24,Social Media,Mobile,Yes,No,No,No,1,No
391,2025-01-25,Referral,Desktop,Yes,Yes,Yes,No,31,No
392,2025-01-26,Referral,Desktop,Yes,Yes,No,No,30,No
393,2025-01-27,Organic Search,Desktop,Yes,No,No,No,18,Yes
394,2025-01-28,Organic Search,Mobile,Yes,Yes,No,No,17,No
395,2025-01-29,Referral,Mobile,Yes,Yes,Yes,No,38,No
396,2025-01-30,Organic Search,Mobile,Yes,Yes,No,No,14,No
397,2025-01-31,Organic Search,Mobile,Yes,Yes,Yes,Yes,23,No
398,2025-02-01,Paid Ads,Desktop,Yes,Yes,Yes,No,25,No
399,2025-02-02,Organic Search,Mobile,Yes,Yes,Yes,No,15,Yes
400,2025-02-03,Social Media,Mobile,Yes,Yes,Yes,No,22,No
401,2025-02-04,Organic Search,Mobile,Yes,Yes,Yes,No,3,Yes
402,2025-02-05,Organic Search,Mobile,Yes,Yes,No,No,19,No
403,2025-02-06,Referral,Mobile,Yes,Yes,Yes,No,44,No
404,2025-02-07,Social Media,Mobile,Yes,Yes,Yes,Yes,34,No
405,2025-02-08,Organic Search,Mobile,Yes,Yes,Yes,No,35,No
406,2025-02-09,Organic Search,Desktop,Yes,Yes,Yes,No,1,No
407,2025-02-10,Paid Ads,Desktop,Yes,No,No,No,21,No
408,2025-02-11,Organic Search,Mobile,Yes,Yes,Yes,Yes,29,No
409,2025-02-12,Organic Search,Mobile,Yes,Yes,Yes,No,6,No
410,2025-02-13,Paid Ads,Mobile,Yes,Yes,Yes,Yes,37,No
411,2025-02-14,Referral,Mobile,Yes,Yes,Yes,Yes,1,No
412,2025-02-15,Organic Search,Mobile,Yes,No,Yes,Yes,1,Yes
413,2025-02-16,Paid Ads,Mobile,Yes,No,No,Yes,27,No
414,2025-02-17,Social Media,Mobile,Yes,Yes,No,No,21,No
415,2025-02-18,Referral,Mobile,Yes,Yes,Yes,No,16,No
416,2025-02-19,Social Media,Mobile,Yes,Yes,No,No,44,Yes
417,2025-02-20,Social Media,Mobile,Yes,No,No,No,40,No
418,2025-02-21,Paid Ads,Desktop,Yes,Yes,No,Yes,26,Yes
419,2025-02-22,Organic Search,Desktop,Yes,Yes,Yes,No,16,Yes
420,2025-02-23,Paid Ads,Mobile,Yes,Yes,Yes,No,28,No
421,2025-02-24,Paid Ads,Desktop,Yes,Yes,Yes,No,1,No
422,2025-02-25,Paid Ads,Mobile,Yes,Yes,No,No,36,Yes
423,2025-02-26,Paid Ads,Desktop,Yes,Yes,No,No,10,No
424,2025-02-27,Referral,Desktop,Yes,Yes,Yes,Yes,43,No
425,2025-02-28,Organic Search,Mobile,Yes,Yes,Yes,No,17,No
426,2025-03-01,Social Media,Mobile,Yes,Yes,No,Yes,23,Yes
427,2025-03-02,Social Media,Mobile,Yes,Yes,No,No,7,No
428,2025-03-03,Organic Search,Mobile,Yes,Yes,No,No,44,No
429,2025-03-04,Social Media,Mobile,Yes,Yes,No,No,7,No
430,2025-03-05,Organic Search,Mobile,Yes,Yes,Yes,Yes,44,No
431,2025-03-06,Social Media,Mobile,Yes,Yes,Yes,No,15,No
432,2025-03-07,Paid Ads,Desktop,Yes,Yes,No,Yes,34,Yes
433,2025-03-08,Social Media,Desktop,Yes,Yes,Yes,No,4,No
434,2025-03-09,Organic Search,Mobile,Yes,Yes,Yes,Yes,14,No
435,2025-03-10,Organic Search,Mobile,Yes,Yes,No,Yes,14,No
436,2025-03-11,Organic Search,Mobile,Yes,No,Yes,No,16,No
437,2025-03-12,Organic Search,Mobile,Yes,Yes,No,No,7,Yes
438,2025-03-13,Organic Search,Desktop,Yes,No,Yes,Yes,32,No
439,2025-03-14,Referral,Mobile,Yes,Yes,No,Yes,19,No
440,2025-03-15,Referral,Mobile,Yes,Yes,Yes,No,2,No
441,2025-03-16,Social Media,Mobile,Yes,Yes,Yes,No,10,No
442,2025-03-17,Organic Search,Mobile,Yes,Yes,No,No,17,No
443,2025-03-18,Social Media,Mobile,Yes,Yes,Yes,Yes,37,No
444,2025-03-19,Organic Search,Desktop,Yes,Yes,No,No,12,Yes
445,2025-03-20,Organic Search,Mobile,Yes,Yes,No,Yes,6,No
446,2025-03-21,Referral,Mobile,Yes,Yes,Yes,Yes,22,No
447,2025-03-22,Referral,Mobile,Yes,Yes,Yes,No,32,No
448,2025-03-23,Paid Ads,Desktop,Yes,Yes,Yes,No,41,No
449,2025-03-24,Referral,Desktop,Yes,Yes,Yes,Yes,20,No
450,2025-03-25,Paid Ads,Mobile,Yes,Yes,No,Yes,1,Yes
451,2025-03-26,Paid Ads,Mobile,Yes,Yes,No,Yes,6,Yes
452,2025-03-27,Paid Ads,Mobile,Yes,Yes,No,No,19,No
453,2025-03-28,Paid Ads,Mobile,Yes,Yes,No,No,18,Yes
454,2025-03-29,Paid Ads,Desktop,Yes,Yes,Yes,Yes,6,No
455,2025-03-30,Social Media,Mobile,Yes,No,No,Yes,33,Yes
456,2025-03-31,Referral,Mobile,Yes,No,No,No,23,No
457,2025-04-01,Paid Ads,Mobile,Yes,Yes,No,No,23,No
458,2025-04-02,Organic Search,Mobile,Yes,Yes,No,No,26,Yes
459,2025-04-03,Referral,Mobile,Yes,Yes,Yes,Yes,13,No
460,2025-04-04,Referral,Desktop,Yes,Yes,No,Yes,7,Yes
461,2025-04-05,Paid Ads,Mobile,Yes,Yes,Yes,No,15,No
462,2025-04-06,Social Media,Mobile,Yes,Yes,Yes,No,44,Yes
463,2025-04-07,Paid Ads,Mobile,Yes,No,Yes,Yes,27,No
464,2025-04-08,Social Media,Mobile,Yes,Yes,No,No,26,No
465,2025-04-09,Organic Search,Mobile,Yes,Yes,No,Yes,33,Yes
466,2025-04-10,Referral,Mobile,Yes,Yes,No,No,15,Yes
467,2025-04-11,Organic Search,Desktop,Yes,Yes,No,Yes,36,No
468,2025-04-12,Social Media,Mobile,Yes,Yes,Yes,Yes,27,Yes
469,2025-04-13,Social Media,Mobile,Yes,Yes,No,No,5,No
470,2025-04-14,Organic Search,Mobile,Yes,Yes,Yes,No,2,No
471,2025-04-15,Social Media,Mobile,Yes,Yes,Yes,No,33,No
472,2025-04-16,Organic Search,Desktop,Yes,No,Yes,No,16,No
473,2025-04-17,Referral,Desktop,Yes,Yes,No,Yes,23,No
474,2025-04-18,Organic Search,Mobile,Yes,Yes,No,No,38,No
475,2025-04-19,Referral,Mobile,Yes,Yes,Yes,Yes,16,No
476,2025-04-20,Organic Search,Mobile,Yes,No,Yes,No,14,Yes
477,2025-04-21,Social Media,Mobile,Yes,Yes,No,No,29,Yes
478,2025-04-22,Organic Search,Mobile,Yes,Yes,Yes,No,26,No
479,2025-04-23,Social Media,Mobile,Yes,No,No,Yes,35,No
480,2025-04-24,Organic Search,Mobile,Yes,No,No,No,15,Yes
481,2025-04-25,Organic Search,Mobile,Yes,Yes,Yes,No,3,No
482,2025-04-26,Paid Ads,Desktop,Yes,No,Yes,No,23,No
483,2025-04-27,Social Media,Mobile,Yes,Yes,No,Yes,29,Yes
484,2025-04-28,Paid Ads,Mobile,Yes,Yes,No,Yes,34,No
485,2025-04-29,Social Media,Desktop,Yes,Yes,Yes,No,33,Yes
486,2025-04-30,Paid Ads,Mobile,Yes,Yes,No,No,41,No
487,2025-05-01,Referral,Mobile,Yes,Yes,Yes,Yes,41,Yes
488,2025-05-02,Organic Search,Mobile,Yes,Yes,Yes,No,23,No
489,2025-05-03,Social Media,Mobile,Yes,Yes,No,Yes,7,Yes
490,2025-05-04,Social Media,Desktop,Yes,Yes,No,No,3,No
491,2025-05-05,Organic Search,Desktop,Yes,Yes,Yes,Yes,32,No
492,2025-05-06,Social Media,Mobile,Yes,Yes,No,Yes,31,Yes
493,2025-05-07,Social Media,Mobile,Yes,Yes,Yes,No,18,No
494,2025-05-08,Paid Ads,Mobile,Yes,Yes,Yes,Yes,43,No
495,2025-05-09,Social Media,Mobile,Yes,Yes,Yes,No,7,Yes
496,2025-05-10,Referral,Mobile,Yes,Yes,No,No,41,No
497,2025-05-11,Referral,Desktop,Yes,No,Yes,Yes,1,No
498,2025-05-12,Organic Search,Mobile,Yes,Yes,Yes,No,14,No
499,2025-05-13,Social Media,Desktop,Yes,Yes,Yes,No,32,No
500,2025-05-14,Organic Search,Mobile,Yes,Yes,No,Yes,6,No
501,2025-05-15,Referral,Mobile,Yes,Yes,No,No,39,Yes
502,2025-05-16,Social Media,Mobile,Yes,Yes,No,No,10,No
503,2025-05-17,Social Media,Desktop,Yes,No,Yes,No,7,No
504,2025-05-18,Organic Search,Desktop,Yes,Yes,No,Yes,26,No
505,2025-05-19,Referral,Desktop,Yes,Yes,Yes,Yes,34,No
506,2025-05-20,Social Media,Mobile,Yes,Yes,No,Yes,30,No
507,2025-05-21,Organic Search,Mobile,Yes,Yes,No,No,36,Yes
508,2025-05-22,Referral,Desktop,Yes,Yes,Yes,No,21,Yes
509,2025-05-23,Organic Search,Mobile,Yes,Yes,No,No,17,Yes
510,2025-05-24,Paid Ads,Mobile,Yes,Yes,Yes,Yes,33,Yes
511,2025-05-25,Social Media,Mobile,Yes,Yes,Yes,Yes,10,No
512,2025-05-26,Paid Ads,Desktop,Yes,Yes,Yes,No,42,Yes
513,2025-05-27,Referral,Desktop,Yes,No,Yes,No,12,Yes
514,2025-05-28,Paid Ads,Mobile,Yes,Yes,Yes,Yes,16,Yes
515,2025-05-29,Paid Ads,Desktop,Yes,Yes,No,No,41,Yes
516,2025-05-30,Referral,Desktop,Yes,Yes,Yes,Yes,32,Yes
517,2025-05-31,Organic Search,Mobile,Yes,Yes,No,No,15,Yes
518,2025-06-01,Paid Ads,Mobile,Yes,No,Yes,No,27,No
519,2025-06-02,Organic Search,Desktop,Yes,Yes,Yes,Yes,28,No
520,2025-06-03,Paid Ads,Mobile,Yes,Yes,No,Yes,17,Yes
521,2025-06-04,Organic Search,Mobile,Yes,No,Yes,No,2,No
522,2025-06-05,Referral,Mobile,Yes,Yes,Yes,Yes,36,No
523,2025-06-06,Paid Ads,Desktop,Yes,No,No,No,7,Yes
524,2025-06-07,Referral,Desktop,Yes,Yes,Yes,No,13,Yes
525,2025-06-08,Paid Ads,Desktop,Yes,Yes,Yes,No,15,No
526,2025-06-09,Referral,Mobile,Yes,Yes,Yes,No,25,No
527,2025-06-10,Referral,Desktop,Yes,Yes,No,No,23,Yes
528,2025-06-11,Paid Ads,Desktop,Yes,No,No,Yes,22,Yes
529,2025-06-12,Paid Ads,Mobile,Yes,Yes,No,No,26,No
530,2025-06-13,Paid Ads,Desktop,Yes,Yes,No,No,33,Yes
531,2025-06-14,Social Media,Mobile,Yes,Yes,Yes,No,11,Yes
532,2025-06-15,Organic Search,Mobile,Yes,Yes,Yes,Yes,10,No
533,2025-06-16,Social Media,Mobile,Yes,Yes,No,Yes,25,No
534,2025-06-17,Social Media,Mobile,Yes,No,Yes,No,37,No
535,2025-06-18,Referral,Mobile,Yes,Yes,Yes,Yes,43,No
536,2025-06-19,Paid Ads,Mobile,Yes,Yes,Yes,No,38,Yes
537,2025-06-20,Organic Search,Mobile,Yes,Yes,Yes,No,41,Yes
538,2025-06-21,Referral,Desktop,Yes,Yes,No,No,24,No
539,2025-06-22,Social Media,Mobile,Yes,Yes,Yes,No,40,Yes
540,2025-06-23,Paid Ads,Mobile,Yes,Yes,Yes,No,33,No
541,2025-06-24,Referral,Mobile,Yes,No,Yes,No,17,No
542,2025-06-25,Paid Ads,Desktop,Yes,Yes,No,Yes,24,No
543,2025-06-26,Referral,Mobile,Yes,Yes,Yes,No,37,Yes
544,2025-06-27,Paid Ads,Mobile,Yes,Yes,Yes,No,2,No
545,2025-06-28,Social Media,Desktop,Yes,No,No,No,32,No
546,2025-06-29,Organic Search,Mobile,Yes,Yes,No,No,24,No
547,2025-06-30,Social Media,Mobile,Yes,Yes,Yes,Yes,9,Yes
548,2025-07-01,Organic Search,Mobile,Yes,Yes,Yes,No,4,Yes
549,2025-07-02,Paid Ads,Desktop,Yes,Yes,Yes,No,17,Yes
550,2025-07-03,Referral,Mobile,Yes,Yes,Yes,Yes,17,No
551,2025-07-04,Social Media,Desktop,Yes,Yes,Yes,No,30,No
552,2025-07-05,Organic Search,Mobile,Yes,Yes,Yes,No,40,No
553,2025-07-06,Social Media,Desktop,Yes,Yes,Yes,No,11,No
554,2025-07-07,Organic Search,Desktop,Yes,No,Yes,No,21,Yes
555,2025-07-08,Social Media,Desktop,Yes,No,No,No,21,No
556,2025-07-09,Organic Search,Mobile,Yes,Yes,No,Yes,18,Yes
557,2025-07-10,Organic Search,Desktop,Yes,Yes,No,No,29,No
558,2025-07-11,Paid Ads,Mobile,Yes,Yes,Yes,Yes,24,No
559,2025-07-12,Organic Search,Mobile,Yes,Yes,Yes,No,10,No
560,2025-07-13,Paid Ads,Mobile,Yes,Yes,No,No,17,No
561,2025-07-14,Organic Search,Desktop,Yes,Yes,Yes,Yes,18,Yes
562,2025-07-15,Referral,Desktop,Yes,Yes,Yes,Yes,42,Yes
563,2025-07-16,Referral,Desktop,Yes,No,Yes,No,20,No
564,2025-07-17,Referral,Mobile,Yes,Yes,No,Yes,37,No
565,2025-07-18,Organic Search,Mobile,Yes,Yes,No,No,18,Yes
566,2025-07-19,Paid Ads,Desktop,Yes,Yes,Yes,Yes,17,Yes
567,2025-07-20,Paid Ads,Mobile,Yes,Yes,Yes,Yes,9,No
568,2025-07-21,Organic Search,Mobile,Yes,Yes,No,No,14,Yes
569,2025-07-22,Referral,Mobile,Yes,Yes,Yes,No,29,No
570,2025-07-23,Referral,Mobile,Yes,Yes,No,No,31,No
571,2025-07-24,Paid Ads,Mobile,Yes,Yes,No,Yes,4,Yes
572,2025-07-25,Referral,Mobile,Yes,Yes,No,No,18,Yes
573,2025-07-26,Social Media,Mobile,Yes,Yes,Yes,No,20,No
574,2025-07-27,Paid Ads,Mobile,Yes,No,Yes,No,43,No
575,2025-07-28,Referral,Desktop,Yes,No,Yes,No,44,No
576,2025-07-29,Paid Ads,Mobile,Yes,No,No,No,9,No
577,2025-07-30,Social Media,Mobile,Yes,Yes,No,No,13,Yes
578,2025-07-31,Paid Ads,Mobile,Yes,Yes,Yes,Yes,15,No
579,2025-08-01,Paid Ads,Mobile,Yes,No,Yes,No,27,No
580,2025-08-02,Paid Ads,Desktop,Yes,Yes,No,Yes,15,Yes
581,2025-08-03,Paid Ads,Desktop,Yes,Yes,No,No,28,No
582,2025-08-04,Social Media,Mobile,Yes,Yes,No,Yes,37,Yes
583,2025-08-05,Organic Search,Mobile,Yes,Yes,Yes,No,19,Yes
584,2025-08-06,Paid Ads,Desktop,Yes,No,Yes,No,26,Yes
585,2025-08-07,Paid Ads,Desktop,Yes,Yes,No,Yes,26,No
586,2025-08-08,Referral,Mobile,Yes,Yes,No,Yes,25,No
587,2025-08-09,Paid Ads,Mobile,Yes,Yes,Yes,Yes,26,No
588,2025-08-10,Referral,Mobile,Yes,Yes,Yes,No,26,No
589,2025-08-11,Organic Search,Desktop,Yes,No,Yes,No,28,No
590,2025-08-12,Social Media,Mobile,Yes,Yes,Yes,Yes,18,Yes
591,2025-08-13,Social Media,Desktop,Yes,Yes,Yes,No,32,Yes
592,2025-08-14,Organic Search,Mobile,Yes,No,No,Yes,3,Yes
593,2025-08-15,Social Media,Mobile,Yes,Yes,Yes,No,2,Yes
594,2025-08-16,Organic Search,Mobile,Yes,Yes,No,No,33,No
595,2025-08-17,Organic Search,Mobile,Yes,Yes,Yes,Yes,42,No
596,2025-08-18,Organic Search,Mobile,Yes,Yes,No,No,19,No
597,2025-08-19,Social Media,Mobile,Yes,Yes,No,Yes,17,Yes
598,2025-08-20,Referral,Mobile,Yes,Yes,Yes,Yes,44,No
599,2025-08-21,Organic Search,Desktop,Yes,Yes,Yes,Yes,33,No
600,2025-08-22,Paid Ads,Mobile,Yes,Yes,Yes,Yes,12,Yes
601,2025-08-23,Social Media,Mobile,Yes,No,Yes,No,3,No
602,2025-08-24,Organic Search,Desktop,Yes,Yes,No,No,43,No
603,2025-08-25,Organic Search,Desktop,Yes,Yes,No,No,26,No
604,2025-08-26,Paid Ads,Desktop,Yes,Yes,Yes,Yes,35,No
605,2025-08-27,Referral,Desktop,Yes,Yes,Yes,Yes,8,No
606,2025-08-28,Referral,Mobile,Yes,Yes,Yes,No,36,Yes
607,2025-08-29,Referral,Mobile,Yes,No,No,No,7,No
608,2025-08-30,Organic Search,Desktop,Yes,No,Yes,Yes,36,Yes
609,2025-08-31,Organic Search,Mobile,Yes,Yes,Yes,No,16,Yes
610,2025-09-01,Organic Search,Mobile,Yes,No,No,No,24,No
611,2025-09-02,Social Media,Desktop,Yes,Yes,No,No,1,No
612,2025-09-03,Paid Ads,Mobile,Yes,Yes,Yes,No,25,No
613,2025-09-04,Organic Search,Mobile,Yes,Yes,No,Yes,10,No
614,2025-09-05,Paid Ads,Mobile,Yes,No,Yes,Yes,16,No
615,2025-09-06,Paid Ads,Mobile,Yes,Yes,Yes,No,16,No
616,2025-09-07,Referral,Mobile,Yes,Yes,No,Yes,8,No
617,2025-09-08,Social Media,Mobile,Yes,Yes,No,No,29,Yes
618,2025-09-09,Organic Search,Desktop,Yes,Yes,Yes,No,39,No
619,2025-09-10,Referral,Mobile,Yes,Yes,Yes,Yes,28,Yes
620,2025-09-11,Referral,Mobile,Yes,No,Yes,No,6,No
621,2025-09-12,Organic Search,Desktop,Yes,No,Yes,Yes,16,Yes
622,2025-09-13,Paid Ads,Desktop,Yes,Yes,Yes,No,20,No
623,2025-09-14,Referral,Desktop,Yes,No,Yes,No,16,Yes
624,2025-09-15,Paid Ads,Desktop,Yes,Yes,Yes,No,7,No
625,2025-09-16,Social Media,Mobile,Yes,No,No,No,41,No
626,2025-09-17,Paid Ads,Mobile,Yes,Yes,No,No,14,Yes
627,2025-09-18,Social Media,Mobile,Yes,Yes,No,No,43,No
628,2025-09-19,Paid Ads,Mobile,Yes,Yes,Yes,No,26,No
629,2025-09-20,Referral,Mobile,Yes,No,No,Yes,26,No
630,2025-09-21,Referral,Mobile,Yes,Yes,No,Yes,14,Yes
631,2025-09-22,Social Media,Desktop,Yes,Yes,No,Yes,7,No
632,2025-09-23,Organic Search,Mobile,Yes,Yes,No,Yes,33,No
633,2025-09-24,Social Media,Mobile,Yes,Yes,No,No,26,No
634,2025-09-25,Social Media,Mobile,Yes,Yes,Yes,No,20,Yes
635,2025-09-26,Paid Ads,Mobile,Yes,Yes,Yes,No,3,No
636,2025-09-27,Paid Ads,Mobile,Yes,No,No,Yes,4,No
637,2025-09-28,Social Media,Desktop,Yes,Yes,No,No,26,No
638,2025-09-29,Referral,Mobile,Yes,Yes,No,Yes,11,No
639,2025-09-30,Paid Ads,Mobile,Yes,Yes,Yes,No,2,No
640,2025-10-01,Organic Search,Mobile,Yes,No,Yes,No,14,Yes
641,2025-10-02,Paid Ads,Desktop,Yes,No,Yes,Yes,44,No
642,2025-10-03,Paid Ads,Mobile,Yes,Yes,No,Yes,30,No
643,2025-10-04,Organic Search,Mobile,Yes,Yes,Yes,Yes,12,Yes
644,2025-10-05,Social Media,Mobile,Yes,Yes,Yes,No,26,No
645,2025-10-06,Organic Search,Mobile,Yes,Yes,Yes,No,44,Yes
646,2025-10-07,Social Media,Desktop,Yes,No,Yes,No,33,No
647,2025-10-08,Social Media,Desktop,Yes,Yes,No,Yes,13,No
648,2025-10-09,Social Media,Mobile,Yes,Yes,No,No,14,Yes
649,2025-10-10,Organic Search,Desktop,Yes,Yes,No,No,24,No
650,2025-10-11,Social Media,Desktop,Yes,No,Yes,No,34,No
651,2025-10-12,Referral,Desktop,Yes,Yes,No,Yes,44,Yes
652,2025-10-13,Organic Search,Desktop,Yes,Yes,Yes,Yes,26,No
653,2025-10-14,Referral,Mobile,Yes,Yes,No,No,21,No
654,2025-10-15,Social Media,Mobile,Yes,No,Yes,No,28,No
655,2025-10-16,Paid Ads,Mobile,Yes,Yes,Yes,Yes,36,Yes
656,2025-10-17,Social Media,Desktop,Yes,Yes,No,Yes,40,No
657,2025-10-18,Referral,Mobile,Yes,Yes,No,No,2,Yes
658,2025-10-19,Referral,Desktop,Yes,Yes,Yes,No,42,No
659,2025-10-20,Organic Search,Desktop,Yes,Yes,No,No,9,Yes
660,2025-10-21,Paid Ads,Mobile,Yes,Yes,Yes,No,23,No
661,2025-10-22,Organic Search,Desktop,Yes,Yes,Yes,No,15,No
662,2025-10-23,Referral,Mobile,Yes,Yes,Yes,Yes,13,No
663,2025-10-24,Social Media,Mobile,Yes,Yes,Yes,No,23,No
664,2025-10-25,Paid Ads,Desktop,Yes,No,Yes,No,17,Yes
665,2025-10-26,Social Media,Mobile,Yes,Yes,Yes,No,2,Yes
666,2025-10-27,Social Media,Desktop,Yes,No,Yes,No,20,No
667,2025-10-28,Paid Ads,Desktop,Yes,Yes,No,Yes,20,No
668,2025-10-29,Organic Search,Mobile,Yes,Yes,Yes,Yes,3,Yes
669,2025-10-30,Social Media,Mobile,Yes,Yes,No,Yes,12,No
670,2025-10-31,Referral,Mobile,Yes,Yes,Yes,Yes,40,No
671,2025-11-01,Social Media,Mobile,Yes,Yes,No,Yes,2,No
672,2025-11-02,Paid Ads,Desktop,Yes,Yes,Yes,No,36,Yes
673,2025-11-03,Paid Ads,Mobile,Yes,Yes,Yes,No,14,Yes
674,2025-11-04,Paid Ads,Mobile,Yes,No,Yes,No,16,Yes
675,2025-11-05,Organic Search,Mobile,Yes,Yes,Yes,No,19,No
676,2025-11-06,Social Media,Mobile,Yes,No,Yes,No,34,No
677,2025-11-07,Organic Search,Desktop,Yes,Yes,No,No,44,No
678,2025-11-08,Organic Search,Mobile,Yes,Yes,No,No,6,No
679,2025-11-09,Paid Ads,Desktop,Yes,Yes,No,Yes,13,No
680,2025-11-10,Paid Ads,Mobile,Yes,Yes,No,Yes,36,No
681,2025-11-11,Organic Search,Desktop,Yes,Yes,Yes,No,22,No
682,2025-11-12,Social Media,Mobile,Yes,Yes,Yes,No,18,Yes
683,2025-11-13,Referral,Mobile,Yes,Yes,Yes,No,12,No
684,2025-11-14,Organic Search,Desktop,Yes,Yes,Yes,Yes,30,No
685,2025-11-15,Social Media,Mobile,Yes,Yes,Yes,Yes,40,Yes
686,2025-11-16,Paid Ads,Desktop,Yes,No,Yes,No,7,No
687,2025-11-17,Paid Ads,Mobile,Yes,No,Yes,Yes,32,Yes
688,2025-11-18,Social Media,Mobile,Yes,Yes,Yes,No,19,No
689,2025-11-19,Referral,Mobile,Yes,Yes,No,No,6,No
690,2025-11-20,Paid Ads,Desktop,Yes,Yes,No,No,20,No
691,2025-11-21,Paid Ads,Mobile,Yes,Yes,Yes,No,27,No
692,2025-11-22,Paid Ads,Mobile,Yes,No,No,No,43,Yes
693,2025-11-23,Social Media,Mobile,Yes,Yes,No,No,37,No
694,2025-11-24,Organic Search,Mobile,Yes,Yes,Yes,No,7,Yes
695,2025-11-25,Paid Ads,Mobile,Yes,Yes,Yes,No,5,No
696,2025-11-26,Organic Search,Desktop,Yes,Yes,Yes,Yes,11,No
697,2025-11-27,Referral,Desktop,Yes,Yes,No,Yes,15,No
698,2025-11-28,Paid Ads,Desktop,Yes,No,No,Yes,3,No
699,2025-11-29,Paid Ads,Desktop,Yes,Yes,Yes,No,5,No
700,2025-11-30,Referral,Mobile,Yes,Yes,Yes,No,23,No
701,2025-12-01,Paid Ads,Desktop,Yes,No,Yes,No,37,No
702,2025-12-02,Organic Search,Mobile,Yes,Yes,Yes,Yes,9,No
703,2025-12-03,Social Media,Mobile,Yes,Yes,Yes,Yes,15,Yes
704,2025-12-04,Organic Search,Mobile,Yes,Yes,No,No,3,No
705,2025-12-05,Social Media,Mobile,Yes,Yes,No,Yes,29,No
706,2025-12-06,Social Media,Desktop,Yes,No,No,No,6,Yes
707,2025-12-07,Organic Search,Mobile,Yes,Yes,No,No,17,No
708,2025-12-08,Organic Search,Mobile,Yes,No,No,No,26,Yes
709,2025-12-09,Organic Search,Mobile,Yes,Yes,Yes,Yes,21,No
710,2025-12-10,Organic Search,Desktop,Yes,No,No,Yes,8,Yes
711,2025-12-11,Referral,Mobile,Yes,Yes,Yes,Yes,21,No
712,2025-12-12,Paid Ads,Mobile,Yes,No,No,No,11,Yes
713,2025-12-13,Social Media,Mobile,Yes,Yes,Yes,No,38,No
714,2025-12-14,Organic Search,Desktop,Yes,No,No,Yes,8,No
715,2025-12-15,Organic Search,Mobile,Yes,Yes,Yes,No,42,No
716,2025-12-16,Organic Search,Mobile,Yes,Yes,Yes,No,24,No
717,2025-12-17,Referral,Mobile,Yes,No,Yes,Yes,35,No
718,2025-12-18,Organic Search,Mobile,Yes,Yes,Yes,No,14,Yes
719,2025-12-19,Organic Search,Mobile,Yes,No,No,No,14,Yes
720,2025-12-20,Organic Search,Mobile,Yes,Yes,No,Yes,10,No
721,2025-12-21,Paid Ads,Desktop,Yes,Yes,Yes,Yes,12,No
722,2025-12-22,Referral,Mobile,Yes,Yes,Yes,No,38,Yes
723,2025-12-23,Organic Search,Mobile,Yes,Yes,Yes,No,44,No
724,2025-12-24,Social Media,Desktop,Yes,Yes,Yes,No,34,Yes
725,2025-12-25,Social Media,Mobile,Yes,Yes,Yes,No,41,Yes
726,2025-12-26,Social Media,Mobile,Yes,Yes,No,No,10,No
727,2025-12-27,Referral,Mobile,Yes,Yes,Yes,No,17,No
728,2025-12-28,Referral,Mobile,Yes,Yes,Yes,No,17,No
729,2025-12-29,Social Media,Desktop,Yes,Yes,Yes,No,3,No
730,2025-12-30,Organic Search,Mobile,Yes,Yes,Yes,Yes,31,No
731,2025-12-31,Referral,Desktop,Yes,Yes,Yes,No,1,No
732,2026-01-01,Social Media,Mobile,Yes,Yes,No,No,12,Yes
733,2026-01-02,Social Media,Mobile,Yes,No,Yes,No,39,Yes
734,2026-01-03,Organic Search,Mobile,Yes,No,Yes,No,4,No
735,2026-01-04,Paid Ads,Mobile,Yes,Yes,Yes,Yes,42,No
736,2026-01-05,Referral,Mobile,Yes,Yes,Yes,Yes,13,No
737,2026-01-06,Organic Search,Desktop,Yes,No,Yes,Yes,34,Yes
738,2026-01-07,Social Media,Mobile,Yes,Yes,No,No,42,Yes
739,2026-01-08,Social Media,Desktop,Yes,Yes,No,No,21,No
740,2026-01-09,Organic Search,Mobile,Yes,Yes,Yes,Yes,22,Yes
741,2026-01-10,Referral,Desktop,Yes,Yes,Yes,No,4,No
742,2026-01-11,Paid Ads,Desktop,Yes,Yes,Yes,No,18,Yes
743,2026-01-12,Paid Ads,Desktop,Yes,Yes,Yes,No,5,Yes
744,2026-01-13,Social Media,Desktop,Yes,No,No,No,19,No
745,2026-01-14,Referral,Desktop,Yes,No,No,No,2,No
746,2026-01-15,Paid Ads,Mobile,Yes,Yes,Yes,No,12,No
747,2026-01-16,Referral,Mobile,Yes,Yes,Yes,Yes,17,Yes
748,2026-01-17,Referral,Mobile,Yes,No,Yes,Yes,10,No
749,2026-01-18,Social Media,Desktop,Yes,Yes,No,No,34,Yes
750,2026-01-19,Paid Ads,Mobile,Yes,Yes,No,No,6,No
751,2026-01-20,Organic Search,Desktop,Yes,Yes,Yes,No,8,No
752,2026-01-21,Social Media,Mobile,Yes,No,Yes,Yes,11,Yes
753,2026-01-22,Paid Ads,Mobile,Yes,Yes,No,Yes,12,No
754,2026-01-23,Paid Ads,Mobile,Yes,No,Yes,No,9,Yes
755,2026-01-24,Paid Ads,Mobile,Yes,No,Yes,Yes,2,No
756,2026-01-25,Paid Ads,Mobile,Yes,Yes,Yes,No,8,No
757,2026-01-26,Paid Ads,Mobile,Yes,Yes,No,No,11,No
758,2026-01-27,Referral,Mobile,Yes,Yes,Yes,No,36,Yes
759,2026-01-28,Social Media,Mobile,Yes,Yes,Yes,No,10,No
760,2026-01-29,Referral,Mobile,Yes,Yes,No,No,21,No
761,2026-01-30,Organic Search,Mobile,Yes,Yes,Yes,Yes,20,No
762,2026-01-31,Paid Ads,Desktop,Yes,Yes,Yes,No,8,No
763,2026-02-01,Social Media,Mobile,Yes,No,Yes,No,36,Yes
764,2026-02-02,Paid Ads,Mobile,Yes,Yes,Yes,No,29,No
765,2026-02-03,Social Media,Mobile,Yes,Yes,No,No,42,Yes
766,2026-02-04,Referral,Mobile,Yes,Yes,Yes,No,12,Yes
767,2026-02-05,Social Media,Mobile,Yes,Yes,Yes,No,14,No
768,2026-02-06,Organic Search,Mobile,Yes,Yes,Yes,Yes,21,No
769,2026-02-07,Organic Search,Mobile,Yes,Yes,No,No,22,No
770,2026-02-08,Social Media,Mobile,Yes,Yes,No,No,21,No
771,2026-02-09,Social Media,Mobile,Yes,Yes,Yes,No,44,No
772,2026-02-10,Social Media,Desktop,Yes,Yes,Yes,No,30,No
773,2026-02-11,Social Media,Desktop,Yes,Yes,No,Yes,39,No
774,2026-02-12,Organic Search,Mobile,Yes,Yes,Yes,No,20,Yes
775,2026-02-13,Paid Ads,Mobile,Yes,No,No,No,24,No
776,2026-02-14,Social Media,Mobile,Yes,Yes,No,No,23,Yes
777,2026-02-15,Social Media,Mobile,Yes,Yes,No,No,7,No
778,2026-02-16,Organic Search,Desktop,Yes,Yes,Yes,Yes,9,No
779,2026-02-17,Organic Search,Mobile,Yes,Yes,Yes,Yes,1,No
780,2026-02-18,Referral,Mobile,Yes,Yes,No,No,26,No
781,2026-02-19,Social Media,Mobile,Yes,Yes,Yes,Yes,38,Yes
782,2026-02-20,Referral,Desktop,Yes,Yes,Yes,No,38,No
783,2026-02-21,Organic Search,Mobile,Yes,Yes,No,Yes,44,Yes
784,2026-02-22,Organic Search,Mobile,Yes,Yes,No,Yes,22,No
785,2026-02-23,Paid Ads,Mobile,Yes,Yes,Yes,No,44,No
786,2026-02-24,Social Media,Mobile,Yes,Yes,Yes,No,10,No
787,2026-02-25,Referral,Mobile,Yes,No,Yes,No,6,Yes
788,2026-02-26,Organic Search,Mobile,Yes,Yes,No,No,17,Yes
789,2026-02-27,Organic Search,Mobile,Yes,Yes,No,Yes,38,Yes
790,2026-02-28,Referral,Mobile,Yes,Yes,Yes,No,24,No
791,2026-03-01,Paid Ads,Mobile,Yes,Yes,Yes,No,10,No
792,2026-03-02,Organic Search,Mobile,Yes,Yes,No,Yes,8,Yes
793,2026-03-03,Social Media,Mobile,Yes,Yes,Yes,No,21,No
794,2026-03-04,Organic Search,Mobile,Yes,Yes,Yes,No,6,No
795,2026-03-05,Social Media,Desktop,Yes,Yes,No,No,21,No
796,2026-03-06,Referral,Mobile,Yes,Yes,Yes,Yes,39,No
797,2026-03-07,Social Media,Mobile,Yes,Yes,No,Yes,24,No
798,2026-03-08,Referral,Mobile,Yes,Yes,Yes,Yes,33,Yes
799,2026-03-09,Social Media,Mobile,Yes,Yes,Yes,No,18,Yes
800,2026-03-10,Referral,Desktop,Yes,Yes,No,No,28,Yes
801,2026-03-11,Social Media,Mobile,Yes,No,Yes,Yes,32,No
802,2026-03-12,Paid Ads,Desktop,Yes,Yes,No,No,12,No
803,2026-03-13,Social Media,Mobile,Yes,Yes,Yes,No,42,No
804,2026-03-14,Social Media,Mobile,Yes,Yes,Yes,No,27,Yes
805,2026-03-15,Paid Ads,Desktop,Yes,No,Yes,No,10,No
806,2026-03-16,Organic Search,Desktop,Yes,Yes,Yes,Yes,42,Yes
807,2026-03-17,Organic Search,Desktop,Yes,Yes,Yes,No,32,Yes
808,2026-03-18,Social Media,Desktop,Yes,Yes,Yes,No,42,No
809,2026-03-19,Paid Ads,Mobile,Yes,Yes,Yes,No,26,No
810,2026-03-20,Social Media,Desktop,Yes,Yes,Yes,No,25,No
811,2026-03-21,Referral,Mobile,Yes,Yes,No,Yes,11,No
812,2026-03-22,Referral,Desktop,Yes,No,No,No,23,Yes
813,2026-03-23,Social Media,Mobile,Yes,Yes,No,Yes,34,Yes
814,2026-03-24,Organic Search,Desktop,Yes,Yes,Yes,No,40,No
815,2026-03-25,Organic Search,Mobile,Yes,No,Yes,No,23,No
816,2026-03-26,Social Media,Mobile,Yes,Yes,No,Yes,29,No
817,2026-03-27,Social Media,Mobile,Yes,Yes,Yes,No,31,No
818,2026-03-28,Referral,Desktop,Yes,Yes,Yes,Yes,7,No
819,2026-03-29,Organic Search,Mobile,Yes,Yes,No,No,40,Yes
820,2026-03-30,Social Media,Mobile,Yes,Yes,No,No,33,Yes
821,2026-03-31,Referral,Mobile,Yes,No,Yes,No,21,No
822,2026-04-01,Organic Search,Mobile,Yes,Yes,Yes,No,2,Yes
823,2026-04-02,Paid Ads,Desktop,Yes,Yes,No,No,18,No
824,2026-04-03,Referral,Mobile,Yes,Yes,Yes,No,33,No
825,2026-04-04,Organic Search,Desktop,Yes,No,No,No,37,No
826,2026-04-05,Organic Search,Mobile,Yes,No,No,No,34,Yes
827,2026-04-06,Referral,Mobile,Yes,No,No,Yes,20,Yes
828,2026-04-07,Paid Ads,Desktop,Yes,Yes,Yes,No,35,No
829,2026-04-08,Referral,Mobile,Yes,Yes,Yes,Yes,18,No
830,2026-04-09,Organic Search,Mobile,Yes,Yes,No,No,24,No
831,2026-04-10,Social Media,Mobile,Yes,Yes,No,Yes,8,No
832,2026-04-11,Social Media,Desktop,Yes,Yes,No,Yes,30,No
833,2026-04-12,Referral,Mobile,Yes,Yes,Yes,No,44,No
834,2026-04-13,Organic Search,Desktop,Yes,Yes,Yes,No,10,No
835,2026-04-14,Social Media,Desktop,Yes,Yes,No,No,23,No
836,2026-04-15,Organic Search,Mobile,Yes,Yes,No,Yes,11,No
837,2026-04-16,Referral,Mobile,Yes,Yes,No,No,2,Yes
838,2026-04-17,Social Media,Mobile,Yes,Yes,No,No,26,No
839,2026-04-18,Organic Search,Mobile,Yes,Yes,Yes,No,36,No
840,2026-04-19,Social Media,Mobile,Yes,Yes,No,Yes,33,No
841,2026-04-20,Referral,Mobile,Yes,Yes,No,No,13,No
842,2026-04-21,Organic Search,Mobile,Yes,Yes,Yes,Yes,40,No
843,2026-04-22,Social Media,Desktop,Yes,Yes,No,No,25,No
844,2026-04-23,Referral,Desktop,Yes,Yes,Yes,No,4,No
845,2026-04-24,Social Media,Desktop,Yes,No,Yes,No,42,No
846,2026-04-25,Social Media,Mobile,Yes,Yes,No,No,19,No
847,2026-04-26,Paid Ads,Mobile,Yes,Yes,Yes,No,18,No
848,2026-04-27,Paid Ads,Mobile,Yes,Yes,Yes,No,37,No
849,2026-04-28,Referral,Desktop,Yes,Yes,Yes,No,30,Yes
850,2026-04-29,Paid Ads,Mobile,Yes,Yes,Yes,No,19,No
851,2026-04-30,Referral,Desktop,Yes,Yes,Yes,No,23,Yes
852,2026-05-01,Paid Ads,Mobile,Yes,No,Yes,No,16,No
853,2026-05-02,Social Media,Mobile,Yes,Yes,No,No,1,Yes
854,2026-05-03,Referral,Desktop,Yes,No,Yes,No,12,No
855,2026-05-04,Referral,Mobile,Yes,Yes,Yes,No,24,No
856,2026-05-05,Social Media,Desktop,Yes,Yes,Yes,No,34,Yes
857,2026-05-06,Referral,Desktop,Yes,No,No,Yes,8,Yes
858,2026-05-07,Referral,Mobile,Yes,Yes,Yes,No,18,Yes
859,2026-05-08,Paid Ads,Mobile,Yes,Yes,No,No,5,No
860,2026-05-09,Referral,Mobile,Yes,Yes,No,Yes,26,No
861,2026-05-10,Organic Search,Desktop,Yes,Yes,No,Yes,30,Yes
862,2026-05-11,Social Media,Mobile,Yes,Yes,Yes,No,13,Yes
863,2026-05-12,Paid Ads,Mobile,Yes,Yes,No,No,19,No
864,2026-05-13,Paid Ads,Mobile,Yes,Yes,Yes,No,29,Yes
865,2026-05-14,Organic Search,Desktop,Yes,Yes,No,Yes,3,No
866,2026-05-15,Social Media,Mobile,Yes,Yes,No,No,26,Yes
867,2026-05-16,Social Media,Desktop,Yes,Yes,Yes,Yes,40,No
868,2026-05-17,Paid Ads,Desktop,Yes,Yes,Yes,No,12,Yes
869,2026-05-18,Referral,Mobile,Yes,Yes,Yes,Yes,2,No
870,2026-05-19,Paid Ads,Mobile,Yes,Yes,No,Yes,11,Yes
871,2026-05-20,Social Media,Desktop,Yes,Yes,Yes,Yes,44,No
872,2026-05-21,Organic Search,Mobile,Yes,No,Yes,No,28,No
873,2026-05-22,Paid Ads,Desktop,Yes,Yes,Yes,Yes,18,No
874,2026-05-23,Social Media,Mobile,Yes,Yes,No,No,13,No
875,2026-05-24,Paid Ads,Mobile,Yes,Yes,No,No,37,No
876,2026-05-25,Referral,Desktop,Yes,Yes,No,No,22,No
877,2026-05-26,Paid Ads,Mobile,Yes,Yes,No,No,12,No
878,2026-05-27,Paid Ads,Mobile,Yes,Yes,Yes,No,2,Yes
879,2026-05-28,Social Media,Mobile,Yes,Yes,Yes,Yes,37,No
880,2026-05-29,Social Media,Mobile,Yes,Yes,No,No,7,No
881,2026-05-30,Social Media,Mobile,Yes,No,Yes,Yes,26,Yes
882,2026-05-31,Paid Ads,Mobile,Yes,No,Yes,Yes,26,Yes
883,2026-06-01,Referral,Desktop,Yes,No,Yes,No,24,Yes
884,2026-06-02,Organic Search,Mobile,Yes,Yes,Yes,No,12,No
885,2026-06-03,Organic Search,Mobile,Yes,Yes,Yes,No,16,Yes
886,2026-06-04,Social Media,Mobile,Yes,Yes,No,No,23,Yes
887,2026-06-05,Social Media,Desktop,Yes,Yes,Yes,No,40,Yes
888,2026-06-06,Paid Ads,Mobile,Yes,Yes,Yes,Yes,9,No
889,2026-06-07,Organic Search,Desktop,Yes,Yes,Yes,Yes,32,No
890,2026-06-08,Social Media,Mobile,Yes,Yes,No,Yes,15,No
891,2026-06-09,Referral,Mobile,Yes,Yes,Yes,Yes,37,Yes
892,2026-06-10,Referral,Mobile,Yes,Yes,No,No,13,Yes
893,2026-06-11,Social Media,Mobile,Yes,Yes,No,No,5,No
894,2026-06-12,Social Media,Mobile,Yes,Yes,Yes,Yes,11,No
895,2026-06-13,Organic Search,Mobile,Yes,No,No,No,10,No
896,2026-06-14,Organic Search,Desktop,Yes,Yes,No,No,13,Yes
897,2026-06-15,Paid Ads,Mobile,Yes,Yes,No,Yes,41,No
898,2026-06-16,Organic Search,Mobile,Yes,Yes,No,Yes,15,No
899,2026-06-17,Referral,Mobile,Yes,Yes,Yes,Yes,42,Yes
900,2026-06-18,Referral,Desktop,Yes,Yes,Yes,Yes,7,Yes
901,2026-06-19,Social Media,Mobile,Yes,Yes,Yes,Yes,40,No
902,2026-06-20,Organic Search,Mobile,Yes,Yes,Yes,No,28,No
903,2026-06-21,Paid Ads,Mobile,Yes,Yes,No,Yes,32,No
904,2026-06-22,Referral,Desktop,Yes,Yes,Yes,No,35,No
905,2026-06-23,Referral,Mobile,Yes,Yes,No,No,15,No
906,2026-06-24,Paid Ads,Mobile,Yes,Yes,No,No,36,Yes
907,2026-06-25,Paid Ads,Desktop,Yes,Yes,No,No,21,No
908,2026-06-26,Referral,Desktop,Yes,Yes,No,Yes,6,No
909,2026-06-27,Referral,Mobile,Yes,No,Yes,No,1,Yes
910,2026-06-28,Paid Ads,Desktop,Yes,Yes,Yes,No,4,No
911,2026-06-29,Referral,Mobile,Yes,Yes,Yes,Yes,11,Yes
912,2026-06-30,Social Media,Mobile,Yes,Yes,Yes,Yes,44,No
913,2026-07-01,Social Media,Mobile,Yes,Yes,Yes,No,26,No
914,2026-07-02,Paid Ads,Mobile,Yes,Yes,Yes,No,37,No
915,2026-07-03,Organic Search,Mobile,Yes,Yes,No,No,23,No
916,2026-07-04,Paid Ads,Desktop,Yes,No,Yes,No,29,Yes
917,2026-07-05,Paid Ads,Mobile,Yes,Yes,Yes,No,21,No
918,2026-07-06,Organic Search,Mobile,Yes,Yes,No,Yes,27,No
919,2026-07-07,Organic Search,Mobile,Yes,Yes,Yes,Yes,39,No
920,2026-07-08,Organic Search,Desktop,Yes,Yes,Yes,Yes,40,No
921,2026-07-09,Social Media,Mobile,Yes,Yes,No,Yes,13,No
922,2026-07-10,Referral,Mobile,Yes,Yes,No,No,23,Yes
923,2026-07-11,Social Media,Mobile,Yes,Yes,No,No,16,No
924,2026-07-12,Referral,Mobile,Yes,Yes,Yes,No,30,Yes
925,2026-07-13,Social Media,Desktop,Yes,Yes,No,Yes,4,Yes
926,2026-07-14,Referral,Desktop,Yes,No,No,No,40,No
927,2026-07-15,Social Media,Mobile,Yes,Yes,Yes,Yes,16,No
928,2026-07-16,Organic Search,Desktop,Yes,No,No,Yes,31,Yes
929,2026-07-17,Paid Ads,Mobile,Yes,Yes,No,Yes,42,No
930,2026-07-18,Social Media,Desktop,Yes,No,Yes,No,25,Yes
931,2026-07-19,Referral,Mobile,Yes,Yes,Yes,No,44,No
932,2026-07-20,Organic Search,Mobile,Yes,No,No,No,12,No
933,2026-07-21,Social Media,Mobile,Yes,No,No,No,26,No
934,2026-07-22,Social Media,Mobile,Yes,Yes,Yes,No,37,Yes
935,2026-07-23,Organic Search,Mobile,Yes,No,No,Yes,33,No
936,2026-07-24,Social Media,Mobile,Yes,Yes,Yes,Yes,28,No
937,2026-07-25,Paid Ads,Mobile,Yes,Yes,Yes,Yes,9,No
938,2026-07-26,Social Media,Desktop,Yes,Yes,Yes,No,12,No
939,2026-07-27,Paid Ads,Mobile,Yes,Yes,No,No,5,No
940,2026-07-28,Paid Ads,Mobile,Yes,Yes,No,Yes,28,Yes
941,2026-07-29,Organic Search,Desktop,Yes,Yes,Yes,No,35,No
942,2026-07-30,Social Media,Mobile,Yes,Yes,Yes,No,5,No
943,2026-07-31,Organic Search,Mobile,Yes,Yes,Yes,Yes,34,Yes
944,2026-08-01,Social Media,Mobile,Yes,No,No,No,34,No
945,2026-08-02,Social Media,Desktop,Yes,Yes,No,No,13,Yes
946,2026-08-03,Referral,Mobile,Yes,Yes,No,No,39,No
947,2026-08-04,Social Media,Mobile,Yes,Yes,No,Yes,42,No
948,2026-08-05,Organic Search,Desktop,Yes,Yes,No,No,14,No
949,2026-08-06,Paid Ads,Desktop,Yes,Yes,Yes,Yes,11,No
950,2026-08-07,Social Media,Mobile,Yes,Yes,Yes,No,42,Yes
951,2026-08-08,Referral,Mobile,Yes,Yes,Yes,No,38,No
952,2026-08-09,Organic Search,Mobile,Yes,No,No,No,4,Yes
953,2026-08-10,Social Media,Desktop,Yes,Yes,No,No,33,No
954,2026-08-11,Organic Search,Mobile,Yes,Yes,Yes,No,7,Yes
955,2026-08-12,Referral,Mobile,Yes,Yes,No,No,41,No
956,2026-08-13,Referral,Desktop,Yes,Yes,Yes,Yes,8,No
957,2026-08-14,Organic Search,Mobile,Yes,Yes,Yes,No,37,No
958,2026-08-15,Social Media,Mobile,Yes,Yes,No,Yes,10,No
959,2026-08-16,Paid Ads,Mobile,Yes,Yes,No,No,43,No
960,2026-08-17,Referral,Mobile,Yes,Yes,No,No,15,No
961,2026-08-18,Social Media,Mobile,Yes,No,Yes,No,38,Yes
962,2026-08-19,Social Media,Mobile,Yes,No,Yes,No,15,No
963,2026-08-20,Paid Ads,Mobile,Yes,Yes,No,No,5,Yes
964,2026-08-21,Referral,Mobile,Yes,Yes,Yes,Yes,29,Yes
965,2026-08-22,Referral,Desktop,Yes,Yes,Yes,No,19,No
966,2026-08-23,Social Media,Mobile,Yes,Yes,No,No,10,Yes
967,2026-08-24,Social Media,Desktop,Yes,Yes,Yes,Yes,12,Yes
968,2026-08-25,Paid Ads,Mobile,Yes,Yes,No,Yes,4,Yes
969,2026-08-26,Paid Ads,Desktop,Yes,Yes,No,No,31,Yes
970,2026-08-27,Referral,Desktop,Yes,Yes,Yes,No,18,Yes
971,2026-08-28,Organic Search,Mobile,Yes,Yes,Yes,No,16,No
972,2026-08-29,Referral,Desktop,Yes,No,No,No,40,Yes
973,2026-08-30,Social Media,Desktop,Yes,No,No,Yes,36,No
974,2026-08-31,Referral,Mobile,Yes,Yes,No,No,25,Yes
975,2026-09-01,Organic Search,Mobile,Yes,Yes,No,No,23,No
976,2026-09-02,Paid Ads,Mobile,Yes,No,No,No,12,Yes
977,2026-09-03,Organic Search,Desktop,Yes,Yes,No,No,34,No
978,2026-09-04,Organic Search,Desktop,Yes,Yes,Yes,No,36,No
979,2026-09-05,Organic Search,Desktop,Yes,Yes,Yes,No,37,Yes
980,2026-09-06,Paid Ads,Mobile,Yes,Yes,Yes,No,3,No
981,2026-09-07,Organic Search,Desktop,Yes,Yes,Yes,Yes,9,No
982,2026-09-08,Organic Search,Mobile,Yes,No,Yes,No,18,Yes
983,2026-09-09,Organic Search,Mobile,Yes,No,Yes,No,43,No
984,2026-09-10,Social Media,Mobile,Yes,Yes,No,No,35,No
985,2026-09-11,Organic Search,Mobile,Yes,Yes,Yes,Yes,34,No
986,2026-09-12,Paid Ads,Mobile,Yes,No,Yes,No,41,No
987,2026-09-13,Organic Search,Mobile,Yes,Yes,Yes,Yes,14,No
988,2026-09-14,Organic Search,Mobile,Yes,No,Yes,No,4,No
989,2026-09-15,Paid Ads,Mobile,Yes,Yes,Yes,No,29,No
990,2026-09-16,Organic Search,Mobile,Yes,Yes,Yes,No,41,No
991,2026-09-17,Paid Ads,Mobile,Yes,Yes,Yes,Yes,15,Yes
992,2026-09-18,Organic Search,Mobile,Yes,Yes,No,No,28,No
993,2026-09-19,Paid Ads,Mobile,Yes,Yes,No,No,42,Yes
994,2026-09-20,Organic Search,Mobile,Yes,Yes,No,No,16,Yes
995,2026-09-21,Organic Search,Mobile,Yes,Yes,No,No,12,No
996,2026-09-22,Social Media,Mobile,Yes,Yes,Yes,No,5,No
997,2026-09-23,Social Media,Mobile,Yes,Yes,No,No,34,Yes
998,2026-09-24,Organic Search,Mobile,Yes,No,No,Yes,42,No
999,2026-09-25,Organic Search,Mobile,Yes,No,Yes,Yes,1,No
1000,2026-09-26,Referral,Desktop,Yes,Yes,No,No,39,No
